target,MAE
mu,0.4841541051864624
alpha,0.12379205226898193
homo,3.9722588062286377
lumo,5.349410057067871
gap,6.3136749267578125
r2,7.979012966156006
zpve,1.359643816947937
U0,2672.794677734375
U,2672.685791015625
H,2672.79052734375
G,2672.827880859375
Cv,0.39402174949645996
U0_atom,0.6926369071006775
U_atom,18.97178840637207
H_atom,19.083858489990234
G_atom,17.491588592529297
A,62.02818298339844
B,0.13923770189285278
C,0.0853387638926506
